{
  "docs_url": "https://github.com/exercism/docs/blob/master/maintaining-a-track/maintainer-configuration.md",
  "maintainers": [
    {
      "github_username": "behrtam",
      "alumnus": false,
      "show_on_website": false,
      "name": null,
      "link_text": null,
      "link_url": null,
      "avatar_url": null,
      "bio": null
    },
    {
      "github_username": "Dog",
      "alumnus": false,
      "show_on_website": true,
      "name": "Dog",
      "link_text": null,
      "link_url": null,
      "avatar_url": null,
      "bio": "I can not only fetch JSON, but parse it too."
    },
    {
      "github_username": "N-Parsons",
      "alumnus": false,
      "show_on_website": true,
      "name": "Nathan Parsons",
      "link_text": null,
      "link_url": null,
      "avatar_url": null,
      "bio": "Python fits with how I think and allows me to quickly write powerful, maintainable, and extensible code."
    },
    {
      "github_username": "m-a-ge",
      "alumnus": false,
      "show_on_website": false,
      "name": null,
      "link_text": null,
      "link_url": null,
      "avatar_url": null,
      "bio": null
    },
    {
      "github_username": "cmccandless",
      "alumnus": false,
      "show_on_website": true,
      "name": "Corey McCandless",
      "link_text": null,
      "link_url": null,
      "avatar_url": null,
      "bio": "Big fan of homemade bread and reusable code."
    }
  ]
}
